"watershed_group","run_timing_group","CU","gazetted_stream_name","stream_alias","year","size","aggr","lpe_method","water_clarity","lpe","hpe","classic","calibration.model","fit","se.fit","fit.cv","calibrated.se.lower","calibrated.se.upper","calibrated.estimate"
"Harrison-Lillooet","Late","Harrison (U/S)-L","Weaver Creek",NA,1996,"Small","SM","Ground","Clear",23681,38248,42625.8,"All_Clarity_Model",10.5676828784657,0.0829211639565922,8.3,35766.311668469,42218.0883647434,38858.52939189
"Nechako","Summer","Francois-Fraser-S","Stellako River",NA,1989,"Medium","SM","Ground","Clear",21002,43189,37803.6,"SM_Data_Model",10.5563519846625,0.0343991842751802,3.4,37121.5447247842,39765.3484044201,38420.7126338295
"North Thompson","Early Summer","North Barriere - ES","Barriere River (Upper)","Fennel/Fennell Creek",1996,"Small","SM","Ground","Clear",18677,32278,33618.6,"All_Clarity_Model",10.3367548800734,0.0751778049661276,7.5,28611.87370345,33254.0779953283,30845.769235456
"Nechako","Summer","Francois-Fraser-S","Stellako River",NA,1991,"Medium","SM","Ground","Clear",42300,94931,76140,"Stellako_Discharge_Model",11.5641851709466,0.0900591959313329,9,96194.3569158874,115179.189805678,105259.622331881
"Early Stuart","Early Stuart","Takla-Trembleur-Estu","O' Ne-Ell Creek","Kynock/Kynoch Creek",1995,"Small","SM","Ground","Clear",16431,27010,29575.8,"Early_Stu_DeadAlive_Model",30.7187378387875,0.420578117388615,44,27813.0586836952,30194.455636645,28987.4560205334
"North Thompson","Early Summer","North Barriere - ES","Barriere River (Upper)","Fennel/Fennell Creek",1988,"Small","SM","Ground","Clear",14922,26932,26859.6,"All_Clarity_Model",10.1183996264321,0.0682633443926894,6.8,23158.9427782945,26546.7596150653,24795.0577106494
"Early Stuart","Early Stuart","Takla-Trembleur-Estu","O' Ne-Ell Creek","Kynock/Kynoch Creek",1991,"Small","SM","Ground","Clear",11100,25402,19980,"Early_Stu_DeadAlive_Model",27.9016394820771,0.41946997321273,43.9,20756.4482964964,22715.9438965606,21721.4677927126
"Nechako","Summer","Francois-Fraser-S","Stellako River",NA,1992,"Medium","SM","Ground","Clear",88555,97985,159399,"Stellako_Discharge_Model",11.6854823339288,0.119249870273213,12,105475.340332836,133884.424656737,118833.939831747
"Early Stuart","Early Stuart","Takla-Trembleur-Estu","Dust Creek",NA,2001,"Small","SM","Ground","Pt_Turb_Tannic",11200,23032,20160,"All_Clarity_Model",10.1276758632591,0.113915693423005,11.4,22331.6485731442,28045.7267882908,25026.1326339993
"Early Stuart","Early Stuart","Takla-Trembleur-Estu","Forfar Creek",NA,1991,"Small","SM","Ground","Clear",11006,18572,19810.8,"Early_Stu_DeadAlive_Model",26.2294111973588,0.287983139985365,29.4,17457.4834918643,18646.294579219,18045.3630828427
"Early Stuart","Early Stuart","Takla-Trembleur-Estu","Forfar Creek",NA,1995,"Small","SM","Ground","Clear",12292,16503,22125.6,"Early_Stu_DeadAlive_Model",26.0795681954651,0.340084397481626,35,17052.9492193547,18440.865810104,17737.8586297801
"Nechako","Summer","Francois-Fraser-S","Stellako River",NA,1993,"Medium","SM","Ground","Clear",46658,91443,83984.4,"Stellako_Discharge_Model",11.6086381777064,0.0960216217716582,9.6,99969.1138672028,121134.866067565,110044.287535504
"Late South Thompson","Late","Shuswap Complex-L","Adams River (Lower)",NA,1994,"Large","LXL","Ground","Clear",314148,680454,565466.4,"All_Clarity_Model",13.5488722258387,0.178629892137517,18,640652.414462872,915753.147745095,765950.040900104
"Quesnel","Summer","Quesnel-S","Mitchell River",NA,1994,"Medium","SM","Aerial","Pt_Turb_Tannic",35000,124148,63000,"All_Minimal_Model",11.4762434735419,0.0898805969717388,9,88111.8999989176,105463.908148891,96398.2641353575
"Early South Thompson","Early Summer","Shuswap-ES","Seymour River",NA,1994,"Medium","SM","Ground","Pt_Turb_Tannic",25866,56192,46558.8,"All_Minimal_Model",11.0552126886881,0.0447327033151963,4.5,60504.9213520654,66167.5467925387,63272.918493947
"Late Stuart","Summer","Takla-Trembleur-Stuart-S","Tachie River",NA,1994,"X-Large","LXL","Aerial","Pt_Turb_Tannic",6943,42668,12497.4,"All_ROM_GenB_Model",9.62959764542199,0.493603121568601,52.5,9283.50570012515,24914.3885005979,15208.3157404242
"Early Stuart","Early Stuart","Takla-Trembleur-Estu","Gluske Creek",NA,1991,"Small","SM","Ground","Clear",8199,15344,14758.2,"Early_Stu_DeadAlive_Model",25.0968964947289,0.329317832535216,33.8,15193.2489121573,16437.8536880981,15807.386007173
"Early Stuart","Early Stuart","Takla-Trembleur-Estu","Gluske Creek",NA,1995,"Small","SM","Ground","Clear",8726,15069,15706.8,"Early_Stu_DeadAlive_Model",25.1220027848692,0.295027707571974,30.2,15302.818411768,16420.0482833203,15854.8733885659
"Early Stuart","Early Stuart","Takla-Trembleur-Estu","O' Ne-Ell Creek","Kynock/Kynoch Creek",2001,"Small","SM","Ground","Clear",5881,14035,10585.8,"Early_Stu_DeadAlive_Model",21.8480003653665,0.235554620937972,23.9,10095.1260987863,10769.7831982065,10428.8178753988
"Early Stuart","Early Stuart","Takla-Trembleur-Estu","Forfar Creek",NA,1990,"Small","SM","Ground","Clear",7308,13795,13154.4,"Early_Stu_DeadAlive_Model",22.1536847056581,0.263583195164085,26.8,10489.2231926665,11265.4370686214,10872.7126757506
"Late South Thompson","Late","Shuswap Complex-L","Adams River (Lower)",NA,1995,"Large","LXL","Ground","Clear",177907,395951,320232.6,"All_Clarity_Model",13.1390738459057,0.138443764668279,13.9,442692.236224417,583919.033291121,508425.43467223
"Nechako","Summer","Francois-Fraser-S","Stellako River",NA,1995,"Medium","SM","Ground","Clear",75611,126793,136099.8,"Stellako_Discharge_Model",11.8377023416455,0.0732868731911917,7.3,128594.004507953,148893.894654081,138372.187091024
"Early South Thompson","Early Summer","Shuswap-ES","Seymour River",NA,1995,"Medium","SM","Ground","Clear",28509,40687,51316.2,"All_Minimal_Model",11.1276134894061,0.0436845505978559,4.4,65116.2191209065,71061.2912024097,68023.8385343745
"Upper Fraser","Early Summer","Bowron-ES","Bowron River",NA,1995,"Medium","SM","Aerial","Pt_Turb_Tannic",10493,34431,18887.4,"All_Minimal_Model",10.3838054272191,0.0725087852077143,7.3,30070.4019191725,34763.1853106684,32331.7638597474
"Early Stuart","Early Stuart","Takla-Trembleur-Estu","Forfar Creek",NA,2001,"Small","SM","Ground","Clear",7704,12893,13867.2,"Early_Stu_DeadAlive_Model",23.0488827274418,0.245513614325676,24.9,11857.6069757282,12640.2126846993,12244.7418822083
"Early Stuart","Early Stuart","Takla-Trembleur-Estu","O' Ne-Ell Creek","Kynock/Kynoch Creek",1997,"Small","SM","Ground","Clear",9500,12563,17100,"All_Clarity_Model",9.67912820911584,0.0561487039726632,5.6,15107.9973003643,16903.515771446,15980.5591467155
"Early Stuart","Early Stuart","Takla-Trembleur-Estu","Gluske Creek",NA,1997,"Small","SM","Ground","Clear",7096,11582,12772.8,"Early_Stu_DeadAlive_Model",24.4980624502444,0.365874887394871,37.8,14053.6805141178,15371.2684677457,14702.6362331966
"North Thompson","Early Summer","North Barriere - ES","Barriere River (Upper)","Fennel/Fennell Creek",1995,"Small","SM","Ground","Clear",4343,11251,7817.4,"All_Clarity_Model",8.91767701335029,0.045658857017769,4.6,7129.65522238571,7811.37177150001,7462.73324892906
"Early Stuart","Early Stuart","Takla-Trembleur-Estu","Gluske Creek",NA,1990,"Small","SM","Ground","Clear",7562,11083,13611.6,"Early_Stu_DeadAlive_Model",22.1090350633106,0.289199225426263,29.5,10388.5380909075,11236.7663196562,10807.1048587783
"Early Stuart","Early Stuart","Takla-Trembleur-Estu","Gluske Creek",NA,2001,"Small","SM","Ground","Clear",6142,11015,11055.6,"Early_Stu_DeadAlive_Model",21.9182820505799,0.229397791742666,23.2,10202.6181682946,10863.8737680162,10529.7857280789
"Early Stuart","Early Stuart","Takla-Trembleur-Estu","O' Ne-Ell Creek","Kynock/Kynoch Creek",2000,"Small","SM","Ground","Clear",7325,10930,13185,"Early_Stu_DeadAlive_Model",21.4416648216854,0.327972510677605,33.7,9412.2307313632,10317.0036012153,9857.69798600843
"Early Stuart","Early Stuart","Takla-Trembleur-Estu","O' Ne-Ell Creek","Kynock/Kynoch Creek",1996,"Small","SM","Ground","Clear",9494,10797,17089.2,"Early_Stu_DeadAlive_Model",24.3265232027017,0.28006525370682,28.6,13904.4348366891,14898.9004146191,14395.9433602611
"Early Stuart","Early Stuart","Takla-Trembleur-Estu","Forfar Creek",NA,1997,"Small","SM","Ground","Clear",5329,10095,9592.2,"Early_Stu_DeadAlive_Model",20.9517091452992,0.222765711524369,22.6,8907.00096261962,9493.75335981656,9197.25800303511
"Early Stuart","Early Stuart","Takla-Trembleur-Estu","O' Ne-Ell Creek","Kynock/Kynoch Creek",1992,"Small","SM","Ground","Clear",3430,8610,6174,"Early_Stu_DeadAlive_Model",19.1307986508709,0.287247427800618,29.3,6690.95728983926,7321.77842585099,7001.63234899706
"Early Stuart","Early Stuart","Takla-Trembleur-Estu","Gluske Creek",NA,1996,"Small","SM","Ground","Clear",7171,8607,12907.8,"Early_Stu_DeadAlive_Model",21.5755199697242,0.297223836838446,30.4,9634.0866079595,10464.2907594832,10043.4706093713
"Early Stuart","Early Stuart","Takla-Trembleur-Estu","Forfar Creek",NA,1996,"Small","SM","Ground","Clear",6025,8406,10845,"Early_Stu_DeadAlive_Model",20.4746024613917,0.271640174958913,27.7,8246.03472586759,8929.31941411994,8583.14470646773
"Late Stuart","Summer","Takla-Trembleur-Stuart-S","Tachie River",NA,1997,"X-Large","LXL","Aerial","Pt_Turb_Tannic",243450,491098,438210,"All_ROM_GenB_Model",13.5021012869785,0.692103615165737,78.4,365856.943716194,1460376.59491265,730950.694431167
"Late Stuart","Summer","Takla-Trembleur-Stuart-S","Middle River",NA,1997,"X-Large","LXL","Aerial","Pt_Turb_Tannic",76500,281472,137700,"All_ROM_GenB_Model",12.241863143662,0.627505123684986,69.5,110675.527077293,388235.839358219,207287.737580558
"Nechako","Summer","Francois-Fraser-S","Stellako River",NA,1997,"Medium","SM","Ground","Clear",22805,55410,41049,"Stellako_Discharge_Model",10.7376983900184,0.0724571347526236,7.3,42840.588227402,49521.1695480804,46059.9178586835
"Early Stuart","Early Stuart","Takla-Trembleur-Estu","Forfar Creek",NA,1992,"Small","SM","Ground","Clear",3674,7965,6613.2,"Early_Stu_DeadAlive_Model",20.5270346596723,0.393062472765746,40.9,8161.84594170577,9155.69021757758,8649.25391561936
"Early Stuart","Early Stuart","Takla-Trembleur-Estu","Forfar Creek",NA,2000,"Small","SM","Ground","Clear",4144,7336,7459.2,"Early_Stu_DeadAlive_Model",18.3135027094514,0.23321599963389,23.6,5910.38728107891,6379.71467292001,6142.06277910797
"Early Stuart","Early Stuart","Takla-Trembleur-Estu","O' Ne-Ell Creek","Kynock/Kynoch Creek",1999,"Small","SM","Ground","Clear",4585,6648,8253,"Early_Stu_DeadAlive_Model",17.8779676698225,0.331687009543954,34.1,5402.00790548403,6038.16713830071,5714.18691981436
"Early South Thompson","Early Summer","Shuswap-ES","Eagle River",NA,1998,"Medium","SM","Aerial","Pt_Turb_Tannic",3761,28478,6769.8,"All_Minimal_Model",9.65427786058227,0.121709758127423,12.2,13801.9905356171,17605.8694817275,15588.3303775008
"North Thompson","Early Summer","North Barriere - ES","Barriere River (Upper)","Fennel/Fennell Creek",1994,"Small","SM","Ground","Clear",3679,5919,6622.2,"All_Clarity_Model",8.75626261832231,0.0459349744469516,4.6,6065.22939778372,6648.83940443238,6350.33355162594
"Early Stuart","Early Stuart","Takla-Trembleur-Estu","Forfar Creek",NA,2005,"Small","SM","Ground","Clear",3225,5284,5805,"Early_Stu_DeadAlive_Model",16.9378349995173,0.223030584162028,22.6,4669.86039389275,5053.79438842371,4859.29979319716
"Early Stuart","Early Stuart","Takla-Trembleur-Estu","Paula Creek",NA,1996,"Small","SM","Ground","Clear",2897,4702,5214.6,"All_Clarity_Model",8.52379266397961,0.0479702847440197,4.8,4797.36639797988,5280.43071785018,5033.10648533043
"Early Stuart","Early Stuart","Takla-Trembleur-Estu","Forfar Creek",NA,1994,"Small","SM","Ground","Clear",3692,4402,6645.6,"Early_Stu_DeadAlive_Model",17.0860316949299,0.269414651054901,27.4,4755.71590473602,5227.66033715688,4987.96759034285
"Late South Thompson","Late","Shuswap Complex-L","Adams River (Lower)",NA,1999,"Large","LXL","Ground","Clear",105654,314416,190177.2,"All_Clarity_Model",12.7635178176446,0.110311320389691,11.1,312764.72115299,389971.577807831,349241.108391692
"Nechako","Summer","Francois-Fraser-S","Stellako River",NA,1999,"Medium","SM","Aerial","Clear",45900,136155,82620,"All_Systems_Discharge_Model",11.4411059126006,0.0618216686230859,6.2,87490.3905454876,99005.1928947762,93069.8823056917
"Early South Thompson","Early Summer","Shuswap-ES","Seymour River",NA,1999,"Medium","SM","Ground","Pt_Turb_Tannic",5399,14420,9718.2,"All_Minimal_Model",9.88930739115682,0.102094731712806,10.2,17804.6094290345,21837.8967566357,19718.3980714326
"Early Stuart","Early Stuart","Takla-Trembleur-Estu","Gluske Creek",NA,2000,"Small","SM","Ground","Clear",2877,3986,5178.6,"Early_Stu_DeadAlive_Model",16.6683846887981,0.213175790004366,21.6,4455.64108724399,4811.02669759088,4631.06146232427
"Early Stuart","Early Stuart","Takla-Trembleur-Estu","O' Ne-Ell Creek","Kynock/Kynoch Creek",1994,"Small","SM","Ground","Clear",2907,3884,5232.6,"Early_Stu_DeadAlive_Model",16.3262720302902,0.2240387410435,22.7,4175.01791362817,4533.34174293082,4351.72141705409
"Early Stuart","Early Stuart","Takla-Trembleur-Estu","Forfar Creek",NA,2006,"Small","SM","Ground","Clear",2071,3855,3727.8,"Early_Stu_DeadAlive_Model",15.6444044464893,0.249061191533201,25.3,3648.95182079487,4014.7251802556,3828.92716397543
"Late Stuart","Summer","Takla-Trembleur-Stuart-S","Tachie River",NA,2000,"X-Large","LXL","Aerial","Pt_Turb_Tannic",229327,368965,412788.6,"All_ROM_GenB_Model",13.4370409767401,0.688768691588822,77.9,343957.122658136,1363832.98971206,684908.804825579
"Early South Thompson","Early Summer","Shuswap-ES","Adams River (Upper)","Upper Adams River",2000,"Medium","SM","Aerial","Pt_Turb_Tannic",16893,71372,30407.4,"All_Minimal_Model",10.8812596403549,0.077240466105086,7.7,49218.2207441601,57440.2241737008,53170.533502827
"North Thompson","Summer","Kamloops-ES","Raft River",NA,2000,"Medium","SM","Ground","Clear",25307,66292,45552.6,"All_Minimal_Model",11.0389537832631,0.0450416000026204,4.5,59510.7461780491,65120.545876504,62252.4881159993
"Early Stuart","Early Stuart","Takla-Trembleur-Estu","Gluske Creek",NA,1994,"Small","SM","Ground","Clear",1813,3397,3263.4,"Early_Stu_DeadAlive_Model",15.204521181252,0.277754640791636,28.3,3325.80836333129,3711.11490098146,3514.94265335503
"Early Stuart","Early Stuart","Takla-Trembleur-Estu","Gluske Creek",NA,2005,"Small","SM","Ground","Clear",1822,3352,3279.6,"Early_Stu_DeadAlive_Model",14.3939287744506,0.221703707118249,22.4,2846.51922994111,3122.14336673608,2982.20880412895
"Early Stuart","Early Stuart","Takla-Trembleur-Estu","O' Ne-Ell Creek","Kynock/Kynoch Creek",2003,"Small","SM","Ground","Clear",1949,3305,3508.2,"Early_Stu_DeadAlive_Model",14.78434770967,0.220961978580097,22.4,3088.78057671743,3378.58530839402,3231.51744088577
"Early Stuart","Early Stuart","Takla-Trembleur-Estu","Forfar Creek",NA,2009,"Small","SM","Ground","Clear",1862,3244,3351.6,"Early_Stu_DeadAlive_Model",15.1410674405237,0.256332395748438,26.1,3297.79249425762,3650.41434784468,3471.11883062372
"Early Stuart","Early Stuart","Takla-Trembleur-Estu","Narrows Creek",NA,1996,"Small","SM","Ground","Clear",2356,2846,4240.8,"All_Clarity_Model",8.32270079771253,0.0511251263587881,5.1,3911.10675845274,4332.17898439472,4116.26220067346
"Early Stuart","Early Stuart","Takla-Trembleur-Estu","Forfar Creek",NA,2008,"Small","SM","Ground","Clear",1667,2608,3000.6,"Early_Stu_DeadAlive_Model",14.386495413338,0.241822383359758,24.5,2829.94984167039,3130.27981045559,2977.59094281723
"Early Stuart","Early Stuart","Takla-Trembleur-Estu","Dust Creek",NA,2002,"Small","SM","Ground","Pt_Turb_Tannic",728,2387,1310.4,"All_Clarity_Model",7.745754418886,0.229629384238247,23.3,1837.43349024662,2908.47393929778,2311.73688415772
"Early South Thompson","Early Summer","Shuswap-ES","Seymour River",NA,2002,"Medium","SM","Ground","Clear",43099,111501,77578.2,"All_Minimal_Model",11.4351647130777,0.0455583688224685,4.6,88398.1520729585,96831.0592576849,92518.5749006462
"Early Stuart","Early Stuart","Takla-Trembleur-Estu","O' Ne-Ell Creek","Kynock/Kynoch Creek",1998,"Small","SM","Ground","Clear",1014,2295,1825.2,"Early_Stu_DeadAlive_Model",13.1972041601635,0.428488340527035,44.9,2081.81275112765,2529.73920401027,2298.50686812096
"Early Stuart","Early Stuart","Takla-Trembleur-Estu","O' Ne-Ell Creek","Kynock/Kynoch Creek",2002,"Small","SM","Ground","Clear",1432,2212,2577.6,"Early_Stu_DeadAlive_Model",12.8774029966296,0.243945267385366,24.8,2016.35359880031,2259.09964740345,2135.42764763933
"Early Stuart","Early Stuart","Takla-Trembleur-Estu","Gluske Creek",NA,2006,"Small","SM","Ground","Clear",1429,2080,2572.2,"Early_Stu_DeadAlive_Model",13.6923791029743,0.247872360171405,25.2,2430.15861055047,2709.01758231566,2567.06428807786
"Early Stuart","Early Stuart","Takla-Trembleur-Estu","Forfar Creek",NA,2002,"Small","SM","Ground","Clear",1088,1912,1958.4,"Early_Stu_DeadAlive_Model",12.195751116102,0.239773717363237,24.3,1709.05191855901,1923.05788692678,1813.95144902551
"Late South Thompson","Late","Shuswap Complex-L","Adams River (Lower)",NA,2003,"Large","LXL","Ground","Clear",74860,354534,134748,"All_Clarity_Model",12.5151970660125,0.0999957829239726,10,246520.709488614,301098.534991458,272446.369900714
"Late Stuart","Summer","Takla-Trembleur-Stuart-S","Tachie River",NA,2003,"X-Large","LXL","Aerial","Pt_Turb_Tannic",9975,28309,17955,"All_ROM_GenB_Model",10.0240659899562,0.513823157066623,55,13497.2715000188,37717.8654959862,22562.9845322049
"Early Stuart","Early Stuart","Takla-Trembleur-Estu","Gluske Creek",NA,1992,"Small","SM","Ground","Clear",1169,1887,2104.2,"All_Clarity_Model",7.58104835110859,0.0746254323864198,7.5,1819.69269829185,2112.59807353351,1960.6833729173
"Early Stuart","Early Stuart","Takla-Trembleur-Estu","Gluske Creek",NA,2002,"Small","SM","Ground","Clear",1173,1871,2111.4,"Early_Stu_DeadAlive_Model",12.7207729998045,0.244710571886467,24.8,1941.92573714605,2179.54659369409,2058.45088119684
"Early Stuart","Early Stuart","Takla-Trembleur-Estu","Forfar Creek",NA,1999,"Small","SM","Ground","Clear",1488,1798,2678.4,"Early_Stu_DeadAlive_Model",12.5034867729573,0.30014617155275,30.7,1817.34005381846,2098.93817174772,1954.7598807756
"Late Stuart","Summer","Takla-Trembleur-Stuart-S","Tachie River",NA,2004,"X-Large","LXL","Aerial","Pt_Turb_Tannic",27350,60862,49230,"All_ROM_GenB_Model",11.1221109689015,0.570107796278707,62,38253.9909595215,119637.158875216,67650.5638855682
"Early Stuart","Early Stuart","Takla-Trembleur-Estu","Gluske Creek",NA,2008,"Small","SM","Ground","Clear",778,1515,1400.4,"Early_Stu_DeadAlive_Model",10.9814373920982,0.256005233784951,26,1233.79896197435,1419.06556699287,1324.27313775911
"Late Stuart","Summer","Takla-Trembleur-Stuart-S","Tachie River",NA,2005,"X-Large","LXL","Aerial","Pt_Turb_Tannic",103273,185889,185891.4,"All_ROM_GenB_Model",12.5685494255745,0.644250721420556,71.7,150888.842775643,547326.145070488,287376.771243849
"Late Stuart","Summer","Takla-Trembleur-Stuart-S","Middle River",NA,2005,"X-Large","LXL","Aerial","Pt_Turb_Tannic",48315,72233,86967,"All_ROM_GenB_Model",11.7415777816898,0.60186101835085,66.1,68852.1522283302,229449.628341249,125690.495819236
"Late Stuart","Summer","Takla-Trembleur-Stuart-S","Kuzkwa River",NA,2005,"Medium","SM","Aerial","Clear",6267,13682,11280.6,"All_Minimal_Model",10.0002514879517,0.095184534308311,9.5,20031.6129803618,24232.1616171459,22032.0058821762
"Early Stuart","Early Stuart","Takla-Trembleur-Estu","Gluske Creek",NA,2009,"Small","SM","Ground","Clear",1042,1494,1875.6,"Early_Stu_DeadAlive_Model",11.7019715240102,0.257953939923248,26.2,1498.77192510163,1710.74555092468,1602.42278220336
"Early Stuart","Early Stuart","Takla-Trembleur-Estu","O' Ne-Ell Creek","Kynock/Kynoch Creek",2004,"Small","SM","Ground","Clear",1019,1493,1834.2,"Early_Stu_DeadAlive_Model",11.3203240821147,0.299479459835719,30.6,1338.58094538741,1568.90394945465,1450.69655754677
"Late South Thompson","Late","Shuswap Complex-L","Little River",NA,2006,"X-Large","LXL","Aerial","Clear",175000,416790,315000,"All_ROM_GenB_Model",13.1427116931195,0.673681679803525,75.8,260154.252602108,1000883.20475459,510278.377040349
"Nechako","Summer","Francois-Fraser-S","Stellako River",NA,2006,"Medium","SM","Ground","Clear",44997,146101,80994.6,"Stellako_Discharge_Model",11.6330328594392,0.103979485900326,10.4,101625.866528443,125117.971766239,112761.794500732
"Early Stuart","Early Stuart","Takla-Trembleur-Estu","Gluske Creek",NA,1999,"Small","SM","Ground","Clear",1183,1264,2129.4,"Early_Stu_DeadAlive_Model",11.4179555739563,0.359330025878526,37.1,1352.39469495689,1633.56199346036,1488.55555113317
"Early Stuart","Early Stuart","Takla-Trembleur-Estu","Forfar Creek",NA,2004,"Small","SM","Ground","Clear",706,1029,1270.8,"Early_Stu_DeadAlive_Model",10.5324941712597,0.269311545315938,27.4,1081.05096999058,1260.34396199388,1168.40574139554
"Quesnel","Summer","Quesnel-S","Horsefly River",NA,2007,"Medium","SM","Aerial","Clear",20885,55181,37593,"All_Minimal_Model",10.8960357430453,0.0488026689074566,4.9,51391.7572674911,56660.8294273456,53962.0199075689
"Late South Thompson","Late","Shuswap Complex-L","Adams River (Lower)",NA,2007,"Large","LXL","Aerial","Clear",16050,52713,28890,"All_ROM_Gen_Model",10.78074413156,0.631636291270527,70,25568.2810379309,90434.4377889606,48085.8931589653
"Late South Thompson","Late","Shuswap Complex-L","Adams River (Lower)",NA,2007,"Large","LXL","Ground","Clear",19405,52713,34929,"All_Clarity_Model",11.5421737155917,0.142659813712982,14.3,89278.3147901549,118756.864828089,102968.018149395
"Nechako","Summer","Francois-Fraser-S","Stellako River",NA,2007,"Medium","SM","Aerial","Clear",13100,41481,23580,"All_Systems_Discharge_Model",10.5594546731581,0.0826027417736039,8.3,35484.5238095909,41858.8036135785,38540.1052601964
"Nechako","Summer","Francois-Fraser-S","Stellako River",NA,2007,"Medium","SM","Ground","Clear",22435,41481,40383,"Stellako_Discharge_Model",11.0365754165574,0.140585529958524,14.1,53959.5454578296,71479.1406184621,62104.6048010009
"Early Stuart","Early Stuart","Takla-Trembleur-Estu","Forfar Creek",NA,1998,"Small","SM","Ground","Clear",409,981,736.2,"Early_Stu_DeadAlive_Model",9.16876066754407,0.287873358017406,29.4,700.436997755874,845.687178186944,770.782612943081
"Nechako","Summer","Francois-Fraser-S","Stellako River",NA,2008,"Medium","SM","Ground","Clear",75025,159749,135045,"Stellako_Discharge_Model",11.8914649110978,0.0741171543323509,7.4,135584.149595226,157248.410346951,146015.040294117
"Late Stuart","Summer","Takla-Trembleur-Stuart-S","Tachie River",NA,2008,"X-Large","LXL","Aerial","Pt_Turb_Tannic",19832,123014,35697.6,"All_ROM_GenB_Model",10.7721989818789,0.552171673147878,59.7,27447.4160278538,82815.5111059852,47676.7426203314
"Early Stuart","Early Stuart","Takla-Trembleur-Estu","Gluske Creek",NA,2003,"Small","SM","Ground","Clear",611,873,1099.8,"Early_Stu_DeadAlive_Model",10.3524045538391,0.269151835575312,27.4,1025.18432295792,1198.29701451858,1109.49079999712
"Early Stuart","Early Stuart","Takla-Trembleur-Estu","Crow Creek",NA,1996,"Small","SM","Ground","Clear",372,845,669.6,"All_Clarity_Model",6.52704543237056,0.107065982804981,10.7,613.99049622447,760.602905255204,683.376144760275
"Harrison-Lillooet","Summer","Harrison River (River-Type)","Harrison River",NA,2009,"X-Large","LXL","Aerial","Pt_Turb_Tannic",113905,307373,205029,"All_ROM_GenB_Model",12.6752244432698,0.649718771454073,72.5,166959.353876844,612278.923317732,319727.529983794
"Late Stuart","Summer","Takla-Trembleur-Stuart-S","Tachie River",NA,2009,"X-Large","LXL","Aerial","Pt_Turb_Tannic",26284,47452,47311.2,"All_ROM_GenB_Model",11.078830645985,0.567889292112625,61.7,36715.0251125798,114315.784584184,64785.0824015265
"Quesnel","Summer","Quesnel-S","Mitchell River",NA,2009,"Medium","SM","Aerial","Clear",18777,45741,33798.6,"All_Minimal_Model",10.9676207669917,0.0775453060435744,7.8,53641.3476442842,62640.4223435162,57966.5133634354
"Nechako","Summer","Francois-Fraser-S","Stellako River",NA,2009,"Medium","SM","Aerial","Clear",17520,26349,31536,"All_Systems_Discharge_Model",10.7511518417464,0.072773968002634,7.3,43407.0814463046,50207.8069112616,46683.7698117608
"Nechako","Summer","Francois-Fraser-S","Stellako River",NA,2009,"Medium","SM","Ground","Clear",20874,26349,37573.2,"Stellako_Discharge_Model",10.4394236518239,0.0978474237393841,9.8,30994.846511544,37694.5603626686,34180.9466334835
"Early Stuart","Early Stuart","Takla-Trembleur-Estu","Gluske Creek",NA,1998,"Small","SM","Ground","Clear",446,837,802.8,"Early_Stu_DeadAlive_Model",9.80919926415094,0.355531864960896,36.7,844.89153010014,1050.23789928124,943.844980783622
"Early Stuart","Early Stuart","Takla-Trembleur-Estu","Gluske Creek",NA,2007,"Small","SM","Ground","Clear",79,167,142.2,"Early_Stu_DeadAlive_Model",5.59196776003392,0.646763361788988,72.1,120.935203710974,242.822432925402,174.861410229341
"Nechako","Summer","Francois-Fraser-S","Stellako River",NA,2010,"Medium","SM","Ground","Clear",48212,202396,86781.6,"Stellako_Discharge_Model",11.6766909873916,0.0794892656395577,8,108792.940017336,127539.353777102,117793.80826394
"Quesnel","Summer","Quesnel-S","Horsefly River",NA,2010,"Medium","SM","Aerial","Clear",56217,124072,101190.6,"All_Minimal_Model",11.6329055550538,0.0516011611831298,5.2,107077.097768319,118718.059874106,112747.440343472
"Quesnel","Summer","Quesnel-S","Mitchell River",NA,2010,"Medium","SM","Aerial","Clear",38405,74320,69129,"All_Minimal_Model",11.5520731892835,0.0929956060386931,9.3,94757.6239201411,114127.188644601,103992.409437651
"Late South Thompson","Late","Shuswap Complex-L","Adams River (Lower)",NA,2011,"Large","LXL","Aerial","Clear",14860,148169,26748,"All_ROM_Gen_Model",10.6949790222314,0.6266113732393,69.3,23585.034275487,82585.5822688792,44133.7035435795
"Late South Thompson","Late","Shuswap Complex-L","Adams River (Lower)",NA,2011,"Large","LXL","Ground","Clear",19580,148169,35244,"All_Clarity_Model",11.5486441629254,0.142069565468955,14.3,89910.9124542564,119457.235979409,103636.427409343
"Nechako","Summer","Francois-Fraser-S","Stellako River",NA,2011,"Medium","SM","Aerial","Clear",28490,85628,51282,"All_Systems_Discharge_Model",11.110959948335,0.0669138117167894,6.7,62570.3083223064,71530.1100811329,66900.3814795178
"Nechako","Summer","Francois-Fraser-S","Stellako River",NA,2011,"Medium","SM","Ground","Clear",33900,85628,61020,"Stellako_Discharge_Model",11.2670167006689,0.138108606805891,13.9,68111.9595275278,89780.6998502975,78199.3567400435
"Nechako","Summer","Francois-Fraser-S","Stellako River",NA,2012,"Medium","SM","Ground","Clear",91897,137992,165414.6,"Stellako_Discharge_Model",11.8676253779671,0.11929828213808,12,126541.689716119,160640.408768227,142575.274021197
"Nechako","Summer","Francois-Fraser-S","Stellako River",NA,2012,"Medium","SM","Aerial","Clear",52586,137992,94654.8,"All_Systems_Discharge_Model",11.532311645005,0.0622777714753919,6.2,95801.5241489945,108509.110532652,101957.531222955
"Lower Fraser","Early Summer","Chilliwack-ES","Chilliwack River (Upper)","Dolly Varden Creek",2012,"Medium","SM","Aerial","Clear",48530,122158,87354,"All_Minimal_Model",11.5234847635477,0.0478686755622394,4.8,96337.8042245998,106016.86233875,101061.524471466
"Harrison-Lillooet","Summer","Harrison River (River-Type)","Harrison River",NA,2012,"X-Large","LXL","Aerial","Pt_Turb_Tannic",16600,71002,29880,"All_ROM_GenB_Model",10.5785354597626,0.542244683197677,58.5,22840.5050618206,67560.5926415206,39282.5413919243
"Late Stuart","Summer","Takla-Trembleur-Stuart-S","Tachie River",NA,2012,"X-Large","LXL","Aerial","Pt_Turb_Tannic",28244,68568,50839.2,"All_ROM_GenB_Model",11.1571267093337,0.571902666575242,62.2,39546.1665869917,124123.134981449,70061.3600587088
"Harrison-Lillooet","Summer","Harrison River (River-Type)","Harrison River",NA,2013,"X-Large","LXL","Aerial","Clear",67090,250117,120762,"All_ROM_GenB_Model",12.0989722391711,0.620180685105354,68.5,96644.207883905,334085.732875392,179687.091965606
"Nechako","Summer","Francois-Fraser-S","Stellako River",NA,2013,"Medium","SM","Ground","Clear",63261,109220,113869.8,"Stellako_Discharge_Model",11.8137597911157,0.072389622802227,7.2,125664.40349967,145240.956900859,135098.550002092
"Nechako","Summer","Francois-Fraser-S","Stellako River",NA,2013,"Medium","SM","Aerial","Clear",52050,109220,93690,"All_Systems_Discharge_Model",11.5222814626095,0.0624995087026128,6.3,94824.3919223916,107450.007439993,100939.990180076
"Late Stuart","Summer","Takla-Trembleur-Stuart-S","Tachie River",NA,2013,"X-Large","LXL","Aerial","Pt_Turb_Tannic",10895,97155,19611,"All_ROM_GenB_Model",10.1201084354175,0.518746192548308,55.6,14784.908489747,41724.9532444833,24837.463949821
"Harrison-Lillooet","Late","Lillooet-Harrison-L","Birkenhead River",NA,2013,"Medium","SM","Aerial","Pt_Turb_Tannic",26486,80121,47674.8,"All_Minimal_Model",11.248580371264,0.0823183852628948,8.2,70704.3223141535,83357.9076518913,76770.8562545239
"Early South Thompson","Early Summer","Shuswap-ES","Eagle River",NA,2014,"Medium","SM","Aerial","Pt_Turb_Tannic",66368,212701,119462.4,"All_Minimal_Model",11.9988753039376,0.11568882651666,11.6,144811.254074266,182510.709131245,162571.844645004
"Early South Thompson","Early Summer","Shuswap-ES","Seymour River",NA,2014,"Medium","SM","Aerial","Clear",34770,95156,62586,"All_Minimal_Model",11.2753576907777,0.0433052333026735,4.3,75512.4224508162,82344.1688773371,78854.3446274638
"Harrison-Lillooet","Late","Lillooet-Harrison-L","Birkenhead River",NA,2014,"Medium","SM","Aerial","Pt_Turb_Tannic",12064,35759,21715.2,"All_Minimal_Model",10.6062707545925,0.0800170545977582,8,37281.5445869531,43751.7901730697,40387.3038973427
"Harrison-Lillooet","Summer","Harrison River (River-Type)","Harrison River",NA,2015,"X-Large","LXL","Aerial","Pt_Turb_Tannic",11012,115715,19821.6,"All_ROM_GenB_Model",10.1317369264257,0.519342256856716,55.6,14948.9249953661,42238.1526698675,25127.9719875017
"Nechako","Summer","Francois-Fraser-S","Stellako River",NA,2015,"Medium","SM","Aerial","Clear",68244,101215,122839.2,"All_Systems_Discharge_Model",11.7156957165219,0.0665873875037265,6.7,114589.141678013,130912.325093716,122479.104207869
"Nechako","Summer","Francois-Fraser-S","Stellako River",NA,2015,"Medium","SM","Ground","Clear",64241,101215,115633.8,"Stellako_Discharge_Model",11.8310751702988,0.0651654105300949,6.5,128786.305052707,146714.0276402,137458.202807916
"Nechako","Summer","Francois-Fraser-S","Stellako River",NA,2016,"Medium","SM","Ground","Clear",22121,27774,39817.8,"Stellako_Discharge_Model",10.5598777203844,0.0891640551766122,8.9,35267.3774900577,42152.1839379,38556.4129940567
"Nechako","Summer","Francois-Fraser-S","Stellako River",NA,2016,"Medium","SM","Aerial","Clear",22855,27774,41139,"All_Systems_Discharge_Model",10.9397178628844,0.0664070963106426,6.6,52749.5629804783,60241.9937794809,56371.4364278604
"Nechako","Early Summer","Francois-Fraser-ES","Nadina River",NA,2016,"Medium","SM","Aerial","Pt_Turb_Tannic",5026,16672,9046.8,"All_Minimal_Model",9.43057086701718,0.13524749382133,13.6,10886.9855999344,14268.62515698,12463.6397819779
"Harrison-Lillooet","Late","Lillooet-Harrison-L","Birkenhead River",NA,2016,"Medium","SM","Aerial","Pt_Turb_Tannic",7439,36439,13390.2,"All_Minimal_Model",10.2113653149,0.0926943175331438,9.3,24801.7872817022,29853.5676945207,27210.6934046047
"Lower Fraser","Early Summer","Chilliwack-ES","Chilliwack River (Upper)","Dolly Varden Creek",2016,"Medium","SM","Aerial","Clear",16783,56002,30209.4,"All_Minimal_Model",10.7333116575467,0.054975417594496,5.5,43405.2742825436,48449.973731497,45858.3078492617
"Harrison-Lillooet","Summer","Harrison River (River-Type)","Harrison River",NA,2016,"X-Large","LXL","Aerial","Clear",5536,65758,9964.8,"All_ROM_GenB_Model",9.38306120468105,0.480965921011422,51,7347.35220929062,19226.1599045895,11885.3425887166
"Nechako","Summer","Francois-Fraser-S","Stellako River",NA,2017,"Medium","SM","Ground","Clear",65170,91295,117306,"Stellako_Discharge_Model",11.8520626215291,0.06337413904689,6.3,131753.55941644,149557.581856441,140373.58635905
"Nechako","Summer","Francois-Fraser-S","Stellako River",NA,2017,"Medium","SM","Aerial","Clear",50334,91295,90601.2,"All_Systems_Discharge_Model",11.5015650232372,0.0617891223498602,6.2,92946.1805526962,105172.185252635,98870.3844415154
"Late Stuart","Summer","Takla-Trembleur-Stuart-S","Tachie River",NA,2017,"X-Large","LXL","Aerial","Pt_Turb_Tannic",47665,114676,85797,"All_ROM_GenB_Model",11.7268324166276,0.601105186332589,66,67895.6488866217,225920.309436772,123850.740837009
"Harrison-Lillooet","Summer","Harrison River (River-Type)","Harrison River",NA,2017,"X-Large","LXL","Aerial","Clear",5270,49983,9486,"All_ROM_GenB_Model",9.32945430452988,0.478218087277703,50.7,6983.01616151675,18172.6390283124,11264.9825580032
"Late South Thompson","Late","Shuswap Complex-L","Adams River (Lower)",NA,2018,"Large","LXL","Ground","Clear",181880,535564,327384,"All_Clarity_Model",13.154991594123,0.139864736447566,14.1,449156.589536105,594131.723545248,516583.176925838
"Late South Thompson","Late","Shuswap Complex-L","Little River",NA,2018,"X-Large","LXL","Ground","Clear",53100,127386,95580,"All_Clarity_Model",11.7993815402534,0.118797110062235,11.9,118253.325690493,149968.214953699,133169.967207857
"Late South Thompson","Late","Shuswap Complex-L","Little River",NA,2018,"X-Large","LXL","Aerial","Clear",51480,127386,92664,"All_ROM_GenB_Model",11.8106537345642,0.605401779576769,66.5,73515.5299697549,246731.385103748,134679.577279088
"Early South Thompson","Early Summer","Shuswap-ES","Seymour River",NA,2018,"Medium","SM","Ground","Clear",77460,119462,139428,"All_Minimal_Model",11.8714441658284,0.0622130002063344,6.2,134488.122506408,152307.558402719,143120.77966919
"Early South Thompson","Early Summer","Shuswap-ES","Seymour River",NA,2018,"Medium","SM","Aerial","Clear",37730,119462,67914,"All_Minimal_Model",11.3361569497328,0.0438477434039543,4.4,80202.4391175225,87553.4456350629,83797.3740225518
"Late South Thompson","Late","Shuswap Complex-L","Eagle River",NA,2018,"Medium","SM","Aerial","Clear",83495,179688,150291,"All_Minimal_Model",12.1863853746163,0.126782634602478,12.7,172750.345221164,222608.078611161,196101.051575707
"Early South Thompson","Early Summer","Shuswap-ES","Scotch Creek",NA,2018,"Small","SM","Aerial","Clear",22677,81169,40818.6,"All_Minimal_Model",10.534296429809,0.0867133729845119,8.7,34460.9837347894,40986.9828082568,37582.599003973
"Nechako","Summer","Francois-Fraser-S","Stellako River",NA,2018,"Medium","SM","Aerial","Clear",91008,176923,163814.4,"All_Systems_Discharge_Model",11.9191745899707,0.0736476431475857,7.4,139459.141772508,161590.758045025,150117.64864708
"Nechako","Summer","Francois-Fraser-S","Stellako River",NA,2018,"Medium","SM","Ground","Clear",79666,176923,143398.8,"Stellako_Discharge_Model",11.8197741824649,0.0824491366619356,8.3,125157.102331744,147594.410195449,135913.533911914
"Harrison-Lillooet","Summer","Harrison River (River-Type)","Harrison River",NA,2018,"X-Large","LXL","Aerial","Clear",4520,15177,8136,"All_ROM_GenB_Model",9.16232729976139,0.469651331501426,49.7,5959.10730773604,15244.5696677816,9531.21327589349
"Nechako","Summer","Francois-Fraser-S","Stellako River",NA,2019,"Medium","SM","Aerial","Clear",24717,46134,44490.6,"All_Systems_Discharge_Model",10.9920559434821,0.0662559808386818,6.6,55592.2989550835,63469.3203681676,59400.3824262365
"Nechako","Early Summer","Francois-Fraser-ES","Nadina River",NA,2019,"Medium","SM","Aerial","Pt_Turb_Tannic",6333,16392,11399.4,"All_Minimal_Model",9.6489316039197,0.123933289492209,12.4,13697.9068356936,17550.9769394793,15505.2135423023
"Nechako","Summer","Francois-Fraser-S","Stellako River",NA,2019,"Medium","SM","Ground","Clear",22428,46134,40370.4,"Stellako_Discharge_Model",10.5171701741083,0.104262451618803,10.5,33286.5177791668,41004.3167088927,36944.4301235402
"Nechako","Summer","Francois-Fraser-S","Stellako River",NA,2020,"Medium","SM","Aerial","Clear",20534,44411,36961.2,"All_Minimal_Model",10.8834226673099,0.0492165250402552,4.9,50726.622088458,55973.810593323,53285.6672738404
"Nechako","Summer","Francois-Fraser-S","Stellako River",NA,2020,"Medium","SM","Ground","Clear",27175,44411,48915,"SM_Data_Model",10.8188051363286,0.0371400695397586,3.7,48130.1975495923,51841.445051962,49951.3662636695
"Nechako","Early Summer","Francois-Fraser-ES","Nadina River",NA,2020,"Medium","SM","Aerial","Pt_Turb_Tannic",9580,13436,17244,"All_Minimal_Model",10.0399349783111,0.107843403494692,10.8,20580.3409193396,25534.3116552366,22923.8923179602
"Lower Fraser","Early Summer","Chilliwack-ES","Chilliwack River (Upper)","Dolly Varden Creek",2020,"Medium","SM","Aerial","Clear",8320,31472,14976,"All_Minimal_Model",10.211123294966,0.0824300785874691,8.3,25051.6060036116,29541.5602692127,27204.1086712331
"Harrison-Lillooet","Summer","Harrison River (River-Type)","Harrison River",NA,2020,"X-Large","LXL","Aerial","Clear",6765,75537,12177,"All_ROM_GenB_Model",9.60132368822367,0.492153828041907,52.4,9037.78914782244,24184.7492272406,14784.3384738297
"Harrison-Lillooet","Summer","Harrison River (River-Type)","Harrison River",NA,2021,"X-Large","LXL","Aerial","Clear",3552,56217,6393.6,"All_ROM_GenB_Model",8.89996258203028,0.456202789991168,48.1,4645.99014449131,11569.9369648879,7331.69919672478
"Late Stuart","Summer","Takla-Trembleur-Stuart-S","Tachie River",NA,2021,"X-Large","LXL","Aerial","Pt_Turb_Tannic",85604,322989,154087.2,"All_ROM_GenB_Model",12.3642717704481,0.633779662093894,70.3,124304.826769036,441552.159028034,234279.885260074
"Nechako","Summer","Francois-Fraser-S","Stellako River",NA,2021,"Medium","SM","Aerial","Clear",63400,117709,114120,"All_Minimal_Model",11.7223882179625,0.0552424679834055,5.5,116674.787553808,130304.680829205,123301.544811954
"Nechako","Summer","Francois-Fraser-S","Stellako River",NA,2021,"Medium","SM","Ground","Clear",78924,117709,142063.2,"SM_Data_Model",11.9047436707095,0.0529630727610331,5.3,140334.003279537,156014.892040026,147966.869167397
"Nechako","Early Summer","Francois-Fraser-ES","Nadina River",NA,2021,"Medium","SM","Aerial","Pt_Turb_Tannic",2477,5604,4458.6,"All_Minimal_Model",8.76214285550929,0.176221180030144,17.8,5355.72668316015,7618.72289489637,6387.78502297937
"Harrison-Lillooet","Summer","Harrison River (River-Type)","Harrison River",NA,2022,"X-Large","LXL","Aerial","Clear",11345,31964,20421,"All_ROM_GenB_Model",10.1641693276898,0.521004707884619,55.8,15416.0525641934,43703.0877103222,25956.2920572234
"Late South Thompson","Late","Shuswap Complex-L","Adams River (Lower)",NA,2022,"Large","LXL","Aerial","Clear",43660,346210,78588,"All_ROM_Gen_Model",11.8948644374108,0.696911824149249,79.1,72980.8687058926,294129.745901149,146512.266954373
"Late South Thompson","Late","Shuswap Complex-L","Little River",NA,2022,"X-Large","LXL","Aerial","Clear",16274,127898,29293.2,"All_ROM_GenB_Model",10.5569433258688,0.541137892957447,58.3,22377.3694090112,66044.3139260077,38443.4391032719
"Nechako","Early Summer","Francois-Fraser-ES","Nadina River",NA,2022,"Medium","SM","Aerial","Pt_Turb_Tannic",77872,296737,140169.6,"All_Minimal_Model",12.0193916564166,0.150721126844763,15.2,142724.364695243,192935.802546594,165941.676035375
"Nechako","Summer","Francois-Fraser-S","Stellako River",NA,2022,"Medium","SM","Aerial","Clear",131349,130425,236428.2,"All_Minimal_Model",12.2644383922991,0.0839736668976378,8.4,194943.436337135,230593.583040028,212020.530786798
